{
"Products" :
 [
    {
        "productId":1,
        "productName":"Product1",
        "supplier":"supplier1",
        "quantity":2,
        "unitprice":20.00,
        "totalcost":40.00
    },
    {
        "productId":2,
        "productName":"Product2",
        "supplier":"supplier2",
        "quantity":3,
        "unitprice":30.00,
        "totalcost":90.00
    },
    {
        "productId":3,
        "productName":"Product3",
        "supplier":"supplier3",
        "quantity":4,
        "unitprice":30.00,
        "totalcost":120.00
    },
    {
        "productId":4,
        "productName":"Product4",
        "supplier":"supplier4",
        "quantity":3,
        "unitprice":30.00,
        "totalcost":90.00
    },
    {
        "productId":5,
        "productName":"Product5",
        "supplier":"supplier5",
        "quantity":1,
        "unitprice":30.00,
        "totalcost":30.00
    },
    {
        "productId":6,
        "productName":"Product6",
        "supplier":"supplier6",
        "quantity":4,
        "unitprice":30.00,
        "totalcost":120.00
    },
    {
        "productId":7,
        "productName":"Product7",
        "supplier":"supplier7",
        "quantity":"1",
        "unitprice":30.00,
        "totalcost":30.00
    },
    {
        "productId":8,
        "productName":"Product8",
        "supplier":"supplier8",
        "quantity":3,
        "unitprice":30.00,
        "totalcost":90.00
    },
    {
        "productId":9,
        "productName":"Product9",
        "supplier":"supplier9",
        "quantity":1,
        "unitprice":30.00,
        "totalcost":30.00
    },
    {
        "productId":10,
        "productName":"Product10",
        "supplier":"supplier10",
        "quantity":2,
        "unitprice":30.00,
        "totalcost":60.00
    },
    {
        "productId":11,
        "productName":"Product11",
        "supplier":"supplier11",
        "quantity":3,
        "unitprice":30.00,
        "totalcost":90.00
    },
    {
        "productId":12,
        "productName":"Product12",
        "supplier":"supplier12",
        "quantity":4,
        "unitprice":40.00,
        "totalcost":160.00
    }
  ]
}   