{
    "Suppliers" : [
        {
            "supplierId" : 1,
            "supplierName" : "supplier1",
            "address" : "address1"
        },
        {
            "supplierId" : 2,
            "supplierName" : "supplier2",
            "address" : "address2"
        },
        {
            "supplierId" : 3,
            "supplierName" : "supplier3",
            "address" : "address3"
        },
        {
            "supplierId" : 4,
            "supplierName" : "supplier4",
            "address" : "address4"
        },
        {
            "supplierId" : 5,
            "supplierName" : "supplier5",
            "address" : "address5"
        },
        {
            "supplierId" : 6,
            "supplierName" : "supplier6",
            "address" : "address6"
        },
        {
            "supplierId" : 7,
            "supplierName" : "supplier7",
            "address" : "address7"
        }

    ]
}